identifier,category,requirement,expected,test_nodes,status,exit_code,duration_seconds,evidence
ROB-001,malformed-pcap,Truncated and forged-length PCAP inputs fail closed.,Invalid captures are rejected without unbounded reads.,tests/unit/test_ingestion_adapters.py::test_pcap_inspector_rejects_truncation_and_record_overflow,PASS,0,0.5402928750263527,.                                                                        [100%] | 1 passed in 0.28s
ROB-002,invalid-csv,"Flow CSV schema, types, and finite values are validated.",Invalid flow CSV rows are rejected without persistence.,tests/unit/test_ingestion_adapters.py::test_flow_csv_inspector_validates_canonical_rows;tests/security/test_phase13_input_limits.py::test_flow_csv_rejects_missing_and_extra_schema_columns,PASS,0,4.083888499997556,..                                                                       [100%] | 2 passed in 3.41s
ROB-003,oversized-upload,Oversized multipart request bodies are rejected before parsing.,HTTP 413 is returned and no ingestion job is created.,tests/security/test_phase13_input_limits.py::test_api_rejects_raw_multipart_body_before_creating_an_ingestion_job,PASS,0,3.830614542006515,.                                                                        [100%] | 1 passed in 3.17s
ROB-004,model-schema,"Inference rejects feature schema, order, type, and finite-value drift.",Invalid inference batches fail closed before model execution.,tests/unit/test_anomaly_bundle_prediction.py::test_prediction_rejects_schema_order_dtype_nonfinite_and_empty,PASS,0,8.597658792044967,.                                                                        [100%] | 1 passed in 8.11s
ROB-005,path-traversal,User-controlled storage and archive paths cannot escape configured roots.,"Relative traversal, absolute paths, and unsafe archive members are rejected.",tests/unit/test_file_storage.py::test_storage_rejects_unsafe_or_unsupported_names;tests/security/test_dataset_download_security.py::test_archive_traversal_and_absolute_paths_are_rejected,PASS,0,0.5585247919661924,......                                                                   [100%] | 6 passed in 0.29s
ROB-006,sqlite-concurrency,Five controlled concurrent ingestion jobs survive a database restart.,Jobs have unique identities and reach durable terminal states without lock leakage.,tests/integration/test_ingestion_concurrency.py::test_five_concurrent_sample_jobs_survive_database_restart,PASS,0,0.6378242080099881,.                                                                        [100%] | 1 passed in 0.36s
ROB-007,corrupt-model,"Missing, extra, corrupt, and unsafe anomaly artifacts are rejected.",Bundle verification fails closed before deserialization or prediction.,tests/unit/test_anomaly_bundle_prediction.py::test_bundle_rejects_extra_missing_corrupt_and_unsafe_artifacts,PASS,0,9.43430033302866,.                                                                        [100%] | 1 passed in 8.95s
ROB-008,model-version-collision,Existing model identities cannot be silently overwritten.,A model-version collision is rejected and the original bundle remains intact.,tests/unit/test_anomaly_bundle_prediction.py::test_bundle_refuses_model_version_collision,PASS,0,9.611668708035722,.                                                                        [100%] | 1 passed in 9.12s
ROB-009,duplicate-ingestion,Duplicate names and content do not overwrite stored telemetry.,Jobs remain independently auditable while immutable content is safely reused.,tests/security/test_ingestion_security.py::test_duplicate_names_and_content_create_jobs_without_overwrite,PASS,0,4.190232250024565,.                                                                        [100%] | 1 passed in 3.49s
ROB-010,transaction-rollback,Rolled-back repository mutations do not survive a new session.,Commit and rollback boundaries remain durable and isolated.,tests/integration/test_phase_00_02_foundation.py::test_repository_commit_rollback_pagination_update_and_audit,PASS,0,4.308963292045519,.                                                                        [100%] | 1 passed in 3.58s
ROB-011,provenance,Controlled-generator provenance cannot be attached to substituted canonical rows.,Generator-equivalence verification rejects altered canonical content.,tests/unit/test_phase13_integrity.py::test_controlled_demo_resplit_rejects_reissued_arbitrary_canonical_rows,PASS,0,2.8947749169310555,.                                                                        [100%] | 1 passed in 2.42s
ROB-012,fusion-identity,Fusion refitting requires verified Phase 5/6 model and schema identities.,Model or feature-schema drift is rejected before policy fitting.,tests/unit/test_phase13_integrity.py::test_fusion_refit_rejects_unverified_model_and_schema_identities,PASS,0,2.9249466250184923,.                                                                        [100%] | 1 passed in 2.46s
ROB-013,json-bounds,JSON arrays and JSONL are parsed incrementally with record-size limits.,Oversized records are rejected without whole-file materialization.,tests/security/test_phase13_input_limits.py::test_json_array_and_jsonl_enforce_limits_during_incremental_parsing,PASS,0,3.9537915838882327,.                                                                        [100%] | 1 passed in 3.28s
ROB-014,pcapng-bounds,PCAPNG interface metadata cannot grow without a configured bound.,Excess interface blocks are rejected before packet processing.,tests/security/test_phase13_input_limits.py::test_pcapng_interface_inventory_is_bounded_before_packet_processing,PASS,0,3.9354196659987792,.                                                                        [100%] | 1 passed in 3.26s
ROB-015,file-size-boundary,Staged uploads enforce the configured size and remove partial files.,An oversized file is rejected and no staging residue remains.,tests/unit/test_file_storage.py::test_storage_enforces_size_and_removes_staging_file,PASS,0,0.5498081250116229,.                                                                        [100%] | 1 passed in 0.28s
ROB-016,idempotent-demo,The real sample demo is restart-safe and idempotent.,Repeated execution returns stable evidence without duplicate durable state.,tests/e2e/test_phase_12_api_frontend.py::test_sample_demo_runs_full_existing_pipeline_idempotently,PASS,0,45.957093165954575,.                                                                        [100%] | 1 passed in 45.20s
ROB-017,atomic-flow-persistence,Packet-processing failure cannot leave partial NetworkFlow rows.,The ingestion job fails safely and the transaction leaves no partial flows.,tests/integration/test_pcap_flow_processing.py::test_packet_failure_persists_failed_job_without_partial_flows,PASS,0,0.6786714160116389,.                                                                        [100%] | 1 passed in 0.35s
ROB-018,exact-upload-boundary,Upload staging distinguishes exactly-at-limit from over-limit content.,Exact-limit bytes persist and the next byte is rejected without staging residue.,tests/security/test_phase13_input_limits.py::test_upload_staging_accepts_exact_limit_and_cleans_exceeded_limit,PASS,0,4.117954417015426,.                                                                        [100%] | 1 passed in 3.44s
ROB-019,cross-split-near-duplicate,Cross-split near duplicates are detected across quantization boundaries.,Values inside the declared tolerance fail the leakage gate despite rounded-bin drift.,tests/unit/test_phase13_integrity.py::test_cross_split_near_duplicates_cover_quantization_boundaries,PASS,0,2.8633582500042394,.                                                                        [100%] | 1 passed in 2.39s
ROB-020,supervised-bundle-contract,"Supervised schema drift, corruption, unsafe files, and frozen-test repetition fail closed.",Isolated evidence is deterministic and invalid bundles or inference contracts are rejected.,tests/e2e/test_phase_05_supervised_pipeline.py::test_phase_05_selection_test_bundle_and_independent_reload,PASS,0,13.907541624968871,.                                                                        [100%] | 1 passed in 13.51s
ROB-021,fusion-policy-contract,"Fusion policy inventory, checksum, and filesystem boundaries are verified.","Extra, corrupt, missing, and unsafe policy artifacts are rejected.",tests/integration/test_fusion_workflow.py::test_policy_reload_is_deterministic_and_rejects_extra_corrupt_or_unsafe_files,PASS,0,12.50622058310546,.                                                                        [100%] | 1 passed in 11.88s
