requirement_id,requirement,source,implementation_evidence,test_evidence,documentation_evidence,status,limitation,reviewer_note
P0-FOUNDATION,Installable typed project CLI API and frontend,Project Plan / Roadmap Phase 0,pyproject.toml; src/aegishunt/cli.py; src/aegishunt/api; src/aegishunt/frontend,Phase 0 tests and Phase 14 clean-install gate,README.md; docs/installation.md,PASS,Local research prototype,Reverify wheel outside repository
P1-DATA,Validated configuration SQLite repositories schema and audit,Roadmap Phase 1,src/aegishunt/config.py; src/aegishunt/storage,Phase 1 repository/configuration tests,docs/data_model.md,PASS,SQLite single node,Schema version checked at startup
P2-INGEST,Secure PCAP CSV JSON and sample ingestion,Roadmap Phase 2,src/aegishunt/ingestion,Ingestion unit integration security tests,docs/system_requirements.md,PASS,Offline file ingestion only,No live capture
P3-FLOW,Deterministic bidirectional flow and 43 features,Roadmap Phase 3,src/aegishunt/flows,Flow key timeout numerical/schema tests,docs/feature_dictionary.md,PASS,Supported packet/link formats only,Runtime schema must match exactly
P4-DATASET,Registry conversion quality leakage and group splits,Roadmap Phase 4,src/aegishunt/datasets,Dataset workflow/quality/leakage tests,docs/dataset_selection.md; docs/dataset_schema.md,PASS,Public acquisition remains manual,Controlled demo is not benchmark
P5-SUPERVISED,Validation-selected supervised detector and frozen bundle,Roadmap Phase 5,src/aegishunt/ml/supervised,PM-DEF-001 and supervised E2E/bundle tests,docs/model_card.md; docs/releases/phase-05.md,PASS,Small controlled data,Corrective evidence is authoritative
P6-ANOMALY,Benign-only anomaly engine and qualified LOF candidate,Roadmap Phase 6,src/aegishunt/ml/anomaly,Anomaly workflow/bundle/regression tests,docs/anomaly_model_card.md,PARTIAL,LOF has no untouched independent holdout,Qualification boundary is explicit
P7-FUSION,Dual-engine fusion and unknown-behavior experiment,Roadmap Phase 7,src/aegishunt/ml/fusion,Fusion selection/LOAO/shift tests,docs/fusion_policy_card.md,PASS,Recommendation inconclusive and negative LOAO retained,Pass is pipeline/experiment implementation not superiority
P8-ALERT,DetectionResult risk severity alerts and explanation,Roadmap Phase 8,src/aegishunt/detection; src/aegishunt/explainability,Detection/explanation identity tests,docs/detection_explainability.md,PASS,Risk is not attack probability,Analyst review required
P9-HUNT,Bounded alert correlation and deterministic hypotheses,Roadmap Phase 9,src/aegishunt/correlation; src/aegishunt/hunting,Correlation/hypothesis lifecycle/E2E tests,docs/threat_hypothesis.md,PASS,Hypotheses are proposals not facts,Queries are never executed
P10-CASE,Investigation case notes evidence verdict feedback exports,Roadmap Phase 10,src/aegishunt/cases; src/aegishunt/feedback,Case/feedback/audit/export tests,docs/case_management.md; docs/analyst_feedback.md,PASS,Feedback may be noisy,No automatic retraining
P11-RUNTIME,Durable offline replay worker lifecycle and recovery,Roadmap Phase 11,src/aegishunt/runtime,Runtime replay/restart/persistence tests,docs/runtime_pipeline.md; docs/runtime_recovery.md,PASS,One worker and restart from origin,No exact cursor or distributed queue
P12-UI,Complete FastAPI and API-only Streamlit demo,Roadmap Phase 12,src/aegishunt/api; src/aegishunt/frontend,Phase 12 API/frontend/full demo E2E,docs/api_frontend.md,PASS,Loopback single user,No authentication/RBAC
P13-HARDEN,Security robustness coverage and performance evidence,Roadmap Phase 13,scripts/run_phase13_*; configs/hardening,Security/robustness/performance/core-coverage gates,docs/releases/phase-13.md,PASS,Formal final Codex Security rescan waived,Complementary tools are not rescan substitute
P14-PACKAGE,Wheel sdist metadata and clean install,Roadmap Phase 14,pyproject.toml; Dockerfile; scripts/build_release_bundle.py,Phase 14 package/clean-install tests,docs/installation.md,PASS,Install may require package index,Runtime is offline
P14-DOCKER,Non-root local Compose deployment,Roadmap Phase 14,Dockerfile; compose.yaml,Phase 14 Docker/Compose tests and exact-Head Linux CI,docs/docker_deployment.md,PASS,Local image retrieval was externally blocked; Linux CI independently passed the full non-root container analyst and restart workflow twice,Host ports loopback; dedicated bridge has no claimed egress firewall
P14-SAMPLES,Safe final controlled PCAP assets,User request / final deliverables,scripts/generate_phase14_samples.py; data/sample/phase14-*,Sample checksum parser and determinism tests,data/sample/README.md,PASS,Source provenance/license and labels unverified,No source payload/address copied
P14-BUNDLE,Reproducible exact-inventory release bundle,Project Plan Definition of Done,src/aegishunt/delivery; scripts/build_release_bundle.py,Release manifest corruption/missing/extra/collision tests,docs/release_checklist.md,PASS,Generated bundle remains ignored,Final PR Head must be rebuilt after status metadata commits
P14-DOCS,Complete installation architecture model protocol and limits,Roadmap Phase 14,docs/,Phase 14 documentation/link/status tests,README.md; docs/thesis/artifact_index.md,PASS,Author must review thesis insertion,No invented citation
P14-EVIDENCE,Source-backed figures tables and experiment summary,Roadmap Phase 14,scripts/build_final_figures.py; scripts/build_final_tables.py,Manifest source/output checksum tests,docs/final_experiment_summary.md,PASS,Controlled/development-host boundaries retained,Missing evidence never becomes zero
P14-DEMO,PCAP-to-feedback local demonstration,Project Plan Definition of Done,Existing Phase 2-12 services plus final samples,Phase 14 full-chain E2E and restart test,docs/demo_guide.md; docs/demo_script_3_5_minutes.md,PASS,No fixed runtime IDs or guaranteed counts,Explicit action only
SEC-NOROOT,No root admin live capture or external target,Project Plan security boundary,CLI file replay and non-root containers,Security/runtime/Docker tests,docs/threat_model.md,PASS,Docker daemon administration is separate,Application processes are non-root
SEC-SECRETS,No secrets database formal models or generated release committed,AGENTS.md / Roadmap,.gitignore; .dockerignore; release filters,Repository hygiene and security gates,docs/release_checklist.md,PASS,One bounded historical blob scanner exclusion,Current tracked files remain scanned
RESEARCH-METRICS,Required supervised anomaly fusion operational hunting metrics retained,Project Plan research requirements,Model/fusion/runtime/hunting evidence contracts,Phase 5-13 experiment and integration tests,docs/final_experiment_summary.md,PASS,Not all metrics defined for every tiny split,Unavailable metrics remain unavailable
RESEARCH-EXTERNAL,Public benchmark and real-world validation,Project Plan research ambition,Static registry/mappings only,No completed external benchmark test,docs/limitations.md,PARTIAL,License-controlled acquisition and external validation not performed,Must not be represented as AegisHunt benchmark result
PROD-AUTH,Production authentication authorization and TLS,Out of scope,None,NOT_APPLICABLE,docs/threat_model.md,NOT_APPLICABLE,Explicitly out of scope,Required before public deployment
